[{"model": "admin.logentry", "pk": 1, "fields": {"action_time": "2021-06-07T17:18:32.324Z", "user": 1, "content_type": 4, "object_id": "2", "object_repr": "mahadi", "action_flag": 1, "change_message": "[{\"added\": {}}]"}}, {"model": "admin.logentry", "pk": 2, "fields": {"action_time": "2021-06-07T17:18:47.056Z", "user": 1, "content_type": 4, "object_id": "2", "object_repr": "mahadi", "action_flag": 2, "change_message": "[]"}}, {"model": "admin.logentry", "pk": 3, "fields": {"action_time": "2021-06-07T17:19:48.295Z", "user": 1, "content_type": 7, "object_id": "1", "object_repr": "Bangladesh", "action_flag": 1, "change_message": "[{\"added\": {}}]"}}, {"model": "admin.logentry", "pk": 4, "fields": {"action_time": "2021-06-07T17:20:28.190Z", "user": 1, "content_type": 7, "object_id": "2", "object_repr": "United States of America", "action_flag": 1, "change_message": "[{\"added\": {}}]"}}, {"model": "admin.logentry", "pk": 5, "fields": {"action_time": "2021-06-07T17:21:06.818Z", "user": 1, "content_type": 7, "object_id": "3", "object_repr": "Canada", "action_flag": 1, "change_message": "[{\"added\": {}}]"}}, {"model": "admin.logentry", "pk": 6, "fields": {"action_time": "2021-06-07T17:21:27.093Z", "user": 1, "content_type": 7, "object_id": "4", "object_repr": "India", "action_flag": 1, "change_message": "[{\"added\": {}}]"}}, {"model": "admin.logentry", "pk": 7, "fields": {"action_time": "2021-06-07T17:21:44.119Z", "user": 1, "content_type": 8, "object_id": "1", "object_repr": "Dhaka", "action_flag": 1, "change_message": "[{\"added\": {}}]"}}, {"model": "admin.logentry", "pk": 8, "fields": {"action_time": "2021-06-07T17:21:52.817Z", "user": 1, "content_type": 8, "object_id": "2", "object_repr": "Chittagong", "action_flag": 1, "change_message": "[{\"added\": {}}]"}}, {"model": "admin.logentry", "pk": 9, "fields": {"action_time": "2021-06-07T17:21:59.082Z", "user": 1, "content_type": 8, "object_id": "3", "object_repr": "Khulna", "action_flag": 1, "change_message": "[{\"added\": {}}]"}}, {"model": "admin.logentry", "pk": 10, "fields": {"action_time": "2021-06-07T17:22:05.340Z", "user": 1, "content_type": 8, "object_id": "4", "object_repr": "Barishal", "action_flag": 1, "change_message": "[{\"added\": {}}]"}}, {"model": "admin.logentry", "pk": 11, "fields": {"action_time": "2021-06-07T17:22:15.274Z", "user": 1, "content_type": 8, "object_id": "5", "object_repr": "Sylhet", "action_flag": 1, "change_message": "[{\"added\": {}}]"}}, {"model": "admin.logentry", "pk": 12, "fields": {"action_time": "2021-06-07T17:22:23.672Z", "user": 1, "content_type": 8, "object_id": "6", "object_repr": "Rangpur", "action_flag": 1, "change_message": "[{\"added\": {}}]"}}, {"model": "admin.logentry", "pk": 13, "fields": {"action_time": "2021-06-07T17:22:58.437Z", "user": 1, "content_type": 8, "object_id": "7", "object_repr": "Alabama", "action_flag": 1, "change_message": "[{\"added\": {}}]"}}, {"model": "admin.logentry", "pk": 14, "fields": {"action_time": "2021-06-07T17:23:34.574Z", "user": 1, "content_type": 8, "object_id": "8", "object_repr": "Louisiana", "action_flag": 1, "change_message": "[{\"added\": {}}]"}}, {"model": "admin.logentry", "pk": 15, "fields": {"action_time": "2021-06-07T17:23:48.858Z", "user": 1, "content_type": 8, "object_id": "9", "object_repr": "Montana", "action_flag": 1, "change_message": "[{\"added\": {}}]"}}, {"model": "admin.logentry", "pk": 16, "fields": {"action_time": "2021-06-07T17:24:00.521Z", "user": 1, "content_type": 8, "object_id": "10", "object_repr": "Nevada", "action_flag": 1, "change_message": "[{\"added\": {}}]"}}, {"model": "admin.logentry", "pk": 17, "fields": {"action_time": "2021-06-07T17:24:26.838Z", "user": 1, "content_type": 8, "object_id": "11", "object_repr": "Ontario[", "action_flag": 1, "change_message": "[{\"added\": {}}]"}}, {"model": "admin.logentry", "pk": 18, "fields": {"action_time": "2021-06-07T17:24:40.370Z", "user": 1, "content_type": 8, "object_id": "12", "object_repr": "Manitoba", "action_flag": 1, "change_message": "[{\"added\": {}}]"}}, {"model": "admin.logentry", "pk": 19, "fields": {"action_time": "2021-06-07T17:24:53.858Z", "user": 1, "content_type": 8, "object_id": "13", "object_repr": "Saskatchewan", "action_flag": 1, "change_message": "[{\"added\": {}}]"}}, {"model": "admin.logentry", "pk": 20, "fields": {"action_time": "2021-06-07T17:25:20.387Z", "user": 1, "content_type": 8, "object_id": "14", "object_repr": "Bihar", "action_flag": 1, "change_message": "[{\"added\": {}}]"}}, {"model": "admin.logentry", "pk": 21, "fields": {"action_time": "2021-06-07T17:25:25.386Z", "user": 1, "content_type": 8, "object_id": "15", "object_repr": "Goa", "action_flag": 1, "change_message": "[{\"added\": {}}]"}}, {"model": "admin.logentry", "pk": 22, "fields": {"action_time": "2021-06-07T17:25:36.089Z", "user": 1, "content_type": 8, "object_id": "16", "object_repr": "Haryana", "action_flag": 1, "change_message": "[{\"added\": {}}]"}}, {"model": "admin.logentry", "pk": 23, "fields": {"action_time": "2021-06-07T17:25:57.211Z", "user": 1, "content_type": 8, "object_id": "17", "object_repr": "Gujarat", "action_flag": 1, "change_message": "[{\"added\": {}}]"}}, {"model": "admin.logentry", "pk": 24, "fields": {"action_time": "2021-06-07T17:26:21.161Z", "user": 1, "content_type": 9, "object_id": "1", "object_repr": "Add-11211", "action_flag": 1, "change_message": "[{\"added\": {}}]"}}, {"model": "admin.logentry", "pk": 25, "fields": {"action_time": "2021-06-07T17:26:33.287Z", "user": 1, "content_type": 9, "object_id": "2", "object_repr": "Add-21210", "action_flag": 1, "change_message": "[{\"added\": {}}]"}}, {"model": "admin.logentry", "pk": 26, "fields": {"action_time": "2021-06-07T17:26:45.908Z", "user": 1, "content_type": 9, "object_id": "3", "object_repr": "Add-31119", "action_flag": 1, "change_message": "[{\"added\": {}}]"}}, {"model": "admin.logentry", "pk": 27, "fields": {"action_time": "2021-06-07T17:27:01.962Z", "user": 1, "content_type": 9, "object_id": "4", "object_repr": "Add-41712", "action_flag": 1, "change_message": "[{\"added\": {}}]"}}, {"model": "admin.logentry", "pk": 28, "fields": {"action_time": "2021-06-07T17:27:12.740Z", "user": 1, "content_type": 9, "object_id": "5", "object_repr": "Add-51312", "action_flag": 1, "change_message": "[{\"added\": {}}]"}}, {"model": "admin.logentry", "pk": 29, "fields": {"action_time": "2021-06-07T17:27:24.376Z", "user": 1, "content_type": 9, "object_id": "6", "object_repr": "Add-612114", "action_flag": 1, "change_message": "[{\"added\": {}}]"}}, {"model": "admin.logentry", "pk": 30, "fields": {"action_time": "2021-06-07T17:27:37.791Z", "user": 1, "content_type": 9, "object_id": "7", "object_repr": "Add-718111", "action_flag": 1, "change_message": "[{\"added\": {}}]"}}, {"model": "admin.logentry", "pk": 31, "fields": {"action_time": "2021-06-07T17:28:01.520Z", "user": 1, "content_type": 9, "object_id": "8", "object_repr": "Add-7123665", "action_flag": 1, "change_message": "[{\"added\": {}}]"}}, {"model": "admin.logentry", "pk": 32, "fields": {"action_time": "2021-06-07T17:28:14.092Z", "user": 1, "content_type": 9, "object_id": "9", "object_repr": "Add-81842", "action_flag": 1, "change_message": "[{\"added\": {}}]"}}, {"model": "admin.logentry", "pk": 33, "fields": {"action_time": "2021-06-07T17:28:27.377Z", "user": 1, "content_type": 9, "object_id": "10", "object_repr": "Add-91821", "action_flag": 1, "change_message": "[{\"added\": {}}]"}}, {"model": "admin.logentry", "pk": 34, "fields": {"action_time": "2021-06-07T17:28:45.182Z", "user": 1, "content_type": 9, "object_id": "11", "object_repr": "Add-102010", "action_flag": 1, "change_message": "[{\"added\": {}}]"}}, {"model": "admin.logentry", "pk": 35, "fields": {"action_time": "2021-06-07T17:29:01.614Z", "user": 1, "content_type": 9, "object_id": "12", "object_repr": "Add-112511", "action_flag": 1, "change_message": "[{\"added\": {}}]"}}, {"model": "admin.logentry", "pk": 36, "fields": {"action_time": "2021-06-07T17:29:13.777Z", "user": 1, "content_type": 9, "object_id": "13", "object_repr": "Add-127575", "action_flag": 1, "change_message": "[{\"added\": {}}]"}}, {"model": "admin.logentry", "pk": 37, "fields": {"action_time": "2021-06-07T17:29:23.404Z", "user": 1, "content_type": 9, "object_id": "14", "object_repr": "Add-13098567", "action_flag": 1, "change_message": "[{\"added\": {}}]"}}, {"model": "admin.logentry", "pk": 38, "fields": {"action_time": "2021-06-07T17:29:33.584Z", "user": 1, "content_type": 9, "object_id": "15", "object_repr": "Add-148697", "action_flag": 1, "change_message": "[{\"added\": {}}]"}}, {"model": "admin.logentry", "pk": 39, "fields": {"action_time": "2021-06-07T17:29:46.658Z", "user": 1, "content_type": 9, "object_id": "16", "object_repr": "Add-156514", "action_flag": 1, "change_message": "[{\"added\": {}}]"}}, {"model": "admin.logentry", "pk": 40, "fields": {"action_time": "2021-06-07T17:30:02.432Z", "user": 1, "content_type": 9, "object_id": "17", "object_repr": "Add-1512332", "action_flag": 1, "change_message": "[{\"added\": {}}]"}}, {"model": "admin.logentry", "pk": 41, "fields": {"action_time": "2021-06-07T18:36:03.580Z", "user": 1, "content_type": 4, "object_id": "2", "object_repr": "mahadi", "action_flag": 2, "change_message": "[{\"changed\": {\"fields\": [\"password\"]}}]"}}, {"model": "admin.logentry", "pk": 42, "fields": {"action_time": "2021-06-07T18:38:46.847Z", "user": 1, "content_type": 4, "object_id": "2", "object_repr": "mahadi", "action_flag": 2, "change_message": "[{\"changed\": {\"fields\": [\"password\"]}}]"}}, {"model": "admin.logentry", "pk": 43, "fields": {"action_time": "2021-06-07T18:39:31.666Z", "user": 1, "content_type": 4, "object_id": "2", "object_repr": "mahadi", "action_flag": 2, "change_message": "[{\"changed\": {\"fields\": [\"Staff status\"]}}]"}}, {"model": "admin.logentry", "pk": 44, "fields": {"action_time": "2021-06-07T18:47:27.643Z", "user": 1, "content_type": 11, "object_id": "2", "object_repr": "a29a3a6b3ccafc00753c2aaec83aacceb742bba8", "action_flag": 3, "change_message": ""}}, {"model": "admin.logentry", "pk": 45, "fields": {"action_time": "2021-06-07T18:47:35.819Z", "user": 1, "content_type": 11, "object_id": "2", "object_repr": "40b46c346a2e37cad0d20c026fa6ae332b5e6b0d", "action_flag": 1, "change_message": "[{\"added\": {}}]"}}, {"model": "auth.permission", "pk": 1, "fields": {"name": "Can add log entry", "content_type": 1, "codename": "add_logentry"}}, {"model": "auth.permission", "pk": 2, "fields": {"name": "Can change log entry", "content_type": 1, "codename": "change_logentry"}}, {"model": "auth.permission", "pk": 3, "fields": {"name": "Can delete log entry", "content_type": 1, "codename": "delete_logentry"}}, {"model": "auth.permission", "pk": 4, "fields": {"name": "Can view log entry", "content_type": 1, "codename": "view_logentry"}}, {"model": "auth.permission", "pk": 5, "fields": {"name": "Can add permission", "content_type": 2, "codename": "add_permission"}}, {"model": "auth.permission", "pk": 6, "fields": {"name": "Can change permission", "content_type": 2, "codename": "change_permission"}}, {"model": "auth.permission", "pk": 7, "fields": {"name": "Can delete permission", "content_type": 2, "codename": "delete_permission"}}, {"model": "auth.permission", "pk": 8, "fields": {"name": "Can view permission", "content_type": 2, "codename": "view_permission"}}, {"model": "auth.permission", "pk": 9, "fields": {"name": "Can add group", "content_type": 3, "codename": "add_group"}}, {"model": "auth.permission", "pk": 10, "fields": {"name": "Can change group", "content_type": 3, "codename": "change_group"}}, {"model": "auth.permission", "pk": 11, "fields": {"name": "Can delete group", "content_type": 3, "codename": "delete_group"}}, {"model": "auth.permission", "pk": 12, "fields": {"name": "Can view group", "content_type": 3, "codename": "view_group"}}, {"model": "auth.permission", "pk": 13, "fields": {"name": "Can add user", "content_type": 4, "codename": "add_user"}}, {"model": "auth.permission", "pk": 14, "fields": {"name": "Can change user", "content_type": 4, "codename": "change_user"}}, {"model": "auth.permission", "pk": 15, "fields": {"name": "Can delete user", "content_type": 4, "codename": "delete_user"}}, {"model": "auth.permission", "pk": 16, "fields": {"name": "Can view user", "content_type": 4, "codename": "view_user"}}, {"model": "auth.permission", "pk": 17, "fields": {"name": "Can add content type", "content_type": 5, "codename": "add_contenttype"}}, {"model": "auth.permission", "pk": 18, "fields": {"name": "Can change content type", "content_type": 5, "codename": "change_contenttype"}}, {"model": "auth.permission", "pk": 19, "fields": {"name": "Can delete content type", "content_type": 5, "codename": "delete_contenttype"}}, {"model": "auth.permission", "pk": 20, "fields": {"name": "Can view content type", "content_type": 5, "codename": "view_contenttype"}}, {"model": "auth.permission", "pk": 21, "fields": {"name": "Can add session", "content_type": 6, "codename": "add_session"}}, {"model": "auth.permission", "pk": 22, "fields": {"name": "Can change session", "content_type": 6, "codename": "change_session"}}, {"model": "auth.permission", "pk": 23, "fields": {"name": "Can delete session", "content_type": 6, "codename": "delete_session"}}, {"model": "auth.permission", "pk": 24, "fields": {"name": "Can view session", "content_type": 6, "codename": "view_session"}}, {"model": "auth.permission", "pk": 25, "fields": {"name": "Can add country", "content_type": 7, "codename": "add_country"}}, {"model": "auth.permission", "pk": 26, "fields": {"name": "Can change country", "content_type": 7, "codename": "change_country"}}, {"model": "auth.permission", "pk": 27, "fields": {"name": "Can delete country", "content_type": 7, "codename": "delete_country"}}, {"model": "auth.permission", "pk": 28, "fields": {"name": "Can view country", "content_type": 7, "codename": "view_country"}}, {"model": "auth.permission", "pk": 29, "fields": {"name": "Can add state", "content_type": 8, "codename": "add_state"}}, {"model": "auth.permission", "pk": 30, "fields": {"name": "Can change state", "content_type": 8, "codename": "change_state"}}, {"model": "auth.permission", "pk": 31, "fields": {"name": "Can delete state", "content_type": 8, "codename": "delete_state"}}, {"model": "auth.permission", "pk": 32, "fields": {"name": "Can view state", "content_type": 8, "codename": "view_state"}}, {"model": "auth.permission", "pk": 33, "fields": {"name": "Can add address", "content_type": 9, "codename": "add_address"}}, {"model": "auth.permission", "pk": 34, "fields": {"name": "Can change address", "content_type": 9, "codename": "change_address"}}, {"model": "auth.permission", "pk": 35, "fields": {"name": "Can delete address", "content_type": 9, "codename": "delete_address"}}, {"model": "auth.permission", "pk": 36, "fields": {"name": "Can view address", "content_type": 9, "codename": "view_address"}}, {"model": "auth.permission", "pk": 37, "fields": {"name": "Can add Token", "content_type": 10, "codename": "add_token"}}, {"model": "auth.permission", "pk": 38, "fields": {"name": "Can change Token", "content_type": 10, "codename": "change_token"}}, {"model": "auth.permission", "pk": 39, "fields": {"name": "Can delete Token", "content_type": 10, "codename": "delete_token"}}, {"model": "auth.permission", "pk": 40, "fields": {"name": "Can view Token", "content_type": 10, "codename": "view_token"}}, {"model": "auth.permission", "pk": 41, "fields": {"name": "Can add token", "content_type": 11, "codename": "add_tokenproxy"}}, {"model": "auth.permission", "pk": 42, "fields": {"name": "Can change token", "content_type": 11, "codename": "change_tokenproxy"}}, {"model": "auth.permission", "pk": 43, "fields": {"name": "Can delete token", "content_type": 11, "codename": "delete_tokenproxy"}}, {"model": "auth.permission", "pk": 44, "fields": {"name": "Can view token", "content_type": 11, "codename": "view_tokenproxy"}}, {"model": "auth.user", "pk": 1, "fields": {"password": "pbkdf2_sha256$260000$mBlcFTOeOujJpXTAAac6So$yxhJBgk2uxosEc92xoeuceUwBdmsbHXuDAaDdTG17Lo=", "last_login": "2021-06-07T18:41:59.755Z", "is_superuser": true, "username": "su", "first_name": "", "last_name": "", "email": "su@gmail.com", "is_staff": true, "is_active": true, "date_joined": "2021-06-07T17:16:07.004Z", "groups": [], "user_permissions": []}}, {"model": "auth.user", "pk": 2, "fields": {"password": "pbkdf2_sha256$260000$LHjPuU9u51XCBNwzY0eu16$Xj+FjnejAcXChqDDpMpTC6uXOQZyPCsa4GlcHCJg2jA=", "last_login": "2021-06-07T18:39:45.077Z", "is_superuser": false, "username": "mahadi", "first_name": "", "last_name": "", "email": "", "is_staff": true, "is_active": true, "date_joined": "2021-06-07T17:18:32Z", "groups": [], "user_permissions": []}}, {"model": "contenttypes.contenttype", "pk": 1, "fields": {"app_label": "admin", "model": "logentry"}}, {"model": "contenttypes.contenttype", "pk": 2, "fields": {"app_label": "auth", "model": "permission"}}, {"model": "contenttypes.contenttype", "pk": 3, "fields": {"app_label": "auth", "model": "group"}}, {"model": "contenttypes.contenttype", "pk": 4, "fields": {"app_label": "auth", "model": "user"}}, {"model": "contenttypes.contenttype", "pk": 5, "fields": {"app_label": "contenttypes", "model": "contenttype"}}, {"model": "contenttypes.contenttype", "pk": 6, "fields": {"app_label": "sessions", "model": "session"}}, {"model": "contenttypes.contenttype", "pk": 7, "fields": {"app_label": "zs_api_test", "model": "country"}}, {"model": "contenttypes.contenttype", "pk": 8, "fields": {"app_label": "zs_api_test", "model": "state"}}, {"model": "contenttypes.contenttype", "pk": 9, "fields": {"app_label": "zs_api_test", "model": "address"}}, {"model": "contenttypes.contenttype", "pk": 10, "fields": {"app_label": "authtoken", "model": "token"}}, {"model": "contenttypes.contenttype", "pk": 11, "fields": {"app_label": "authtoken", "model": "tokenproxy"}}, {"model": "sessions.session", "pk": "517c60kzl7m5x9uvwu2xxgv2aol2308l", "fields": {"session_data": ".eJxVjMEOwiAQRP-FsyEUWCgevfsNZJdFqRqalPZk_Hdp0oPOZZJ5M_MWEbe1xK3lJU4szmIQp9-MMD1z3QE_sN5nmea6LhPJvSIP2uR15vy6HN2_g4Kt9LVRLpFlCoqMGkBbA4zMCOBHxBFTlwlZGZeQSSvbHW4aPHt2GLL4fAHyZjim:1lqKCF:9azURlpe99Pz-OmCs5LYjufPPAjoWsqWiAA1SssGnQA", "expire_date": "2021-06-21T18:41:59.763Z"}}, {"model": "authtoken.token", "pk": "40b46c346a2e37cad0d20c026fa6ae332b5e6b0d", "fields": {"user": 2, "created": "2021-06-07T18:47:35.816Z"}}, {"model": "zs_api_test.country", "pk": 1, "fields": {"name": "Bangladesh", "latitude": "23.430000", "longitude": "90.260000", "code": "BD"}}, {"model": "zs_api_test.country", "pk": 2, "fields": {"name": "United States of America", "latitude": "39.910000", "longitude": "77.020000", "code": "USA"}}, {"model": "zs_api_test.country", "pk": 3, "fields": {"name": "Canada", "latitude": "45.270000", "longitude": "75.820000", "code": "CN"}}, {"model": "zs_api_test.country", "pk": 4, "fields": {"name": "India", "latitude": "28.370000", "longitude": "77.130000", "code": "IND"}}, {"model": "zs_api_test.state", "pk": 1, "fields": {"name": "Dhaka", "country": 1}}, {"model": "zs_api_test.state", "pk": 2, "fields": {"name": "Chittagong", "country": 1}}, {"model": "zs_api_test.state", "pk": 3, "fields": {"name": "Khulna", "country": 1}}, {"model": "zs_api_test.state", "pk": 4, "fields": {"name": "Barishal", "country": 1}}, {"model": "zs_api_test.state", "pk": 5, "fields": {"name": "Sylhet", "country": 1}}, {"model": "zs_api_test.state", "pk": 6, "fields": {"name": "Rangpur", "country": 1}}, {"model": "zs_api_test.state", "pk": 7, "fields": {"name": "Alabama", "country": 2}}, {"model": "zs_api_test.state", "pk": 8, "fields": {"name": "Louisiana", "country": 2}}, {"model": "zs_api_test.state", "pk": 9, "fields": {"name": "Montana", "country": 2}}, {"model": "zs_api_test.state", "pk": 10, "fields": {"name": "Nevada", "country": 2}}, {"model": "zs_api_test.state", "pk": 11, "fields": {"name": "Ontario[", "country": 3}}, {"model": "zs_api_test.state", "pk": 12, "fields": {"name": "Manitoba", "country": 3}}, {"model": "zs_api_test.state", "pk": 13, "fields": {"name": "Saskatchewan", "country": 3}}, {"model": "zs_api_test.state", "pk": 14, "fields": {"name": "Bihar", "country": 4}}, {"model": "zs_api_test.state", "pk": 15, "fields": {"name": "Goa", "country": 4}}, {"model": "zs_api_test.state", "pk": 16, "fields": {"name": "Haryana", "country": 4}}, {"model": "zs_api_test.state", "pk": 17, "fields": {"name": "Gujarat", "country": 4}}, {"model": "zs_api_test.address", "pk": 1, "fields": {"name": "Add-1", "house_no": "12", "road_no": "11", "state": 1}}, {"model": "zs_api_test.address", "pk": 2, "fields": {"name": "Add-2", "house_no": "12", "road_no": "10", "state": 2}}, {"model": "zs_api_test.address", "pk": 3, "fields": {"name": "Add-3", "house_no": "11", "road_no": "19", "state": 3}}, {"model": "zs_api_test.address", "pk": 4, "fields": {"name": "Add-4", "house_no": "17", "road_no": "12", "state": 4}}, {"model": "zs_api_test.address", "pk": 5, "fields": {"name": "Add-5", "house_no": "13", "road_no": "12", "state": 5}}, {"model": "zs_api_test.address", "pk": 6, "fields": {"name": "Add-6", "house_no": "121", "road_no": "14", "state": 6}}, {"model": "zs_api_test.address", "pk": 7, "fields": {"name": "Add-7", "house_no": "18", "road_no": "111", "state": 7}}, {"model": "zs_api_test.address", "pk": 8, "fields": {"name": "Add-7", "house_no": "123", "road_no": "665", "state": 8}}, {"model": "zs_api_test.address", "pk": 9, "fields": {"name": "Add-8", "house_no": "18", "road_no": "42", "state": 9}}, {"model": "zs_api_test.address", "pk": 10, "fields": {"name": "Add-9", "house_no": "18", "road_no": "21", "state": 10}}, {"model": "zs_api_test.address", "pk": 11, "fields": {"name": "Add-10", "house_no": "20", "road_no": "10", "state": 11}}, {"model": "zs_api_test.address", "pk": 12, "fields": {"name": "Add-11", "house_no": "25", "road_no": "11", "state": 12}}, {"model": "zs_api_test.address", "pk": 13, "fields": {"name": "Add-12", "house_no": "75", "road_no": "75", "state": 13}}, {"model": "zs_api_test.address", "pk": 14, "fields": {"name": "Add-13", "house_no": "098", "road_no": "567", "state": 14}}, {"model": "zs_api_test.address", "pk": 15, "fields": {"name": "Add-14", "house_no": "86", "road_no": "97", "state": 15}}, {"model": "zs_api_test.address", "pk": 16, "fields": {"name": "Add-15", "house_no": "65", "road_no": "14", "state": 16}}, {"model": "zs_api_test.address", "pk": 17, "fields": {"name": "Add-15", "house_no": "123", "road_no": "32", "state": 17}}]